"target","output","question","recall"
"UNIGL | KYQSE | PDMUV | LQTOI | HPCZF","UNIGL KYQSE PDMUV LQTOI HPCZF Okay, let's tackle this problem step by step. The task is to find all variables that are assigned the value 84610 in the given text.   First, I need to parse through the","Question: Find all variables that are assigned the value 84610 in the text above. Answer: According to the chain(s) of variable assignment in the text above, 5 variables are assigned the value 84610, they are:","1.0"
"UNGBX | RILES | WACQV | VONGL | GOUIL","UNGBX RILES WACQV VONGL GOUIL Okay, let's tackle this problem. So, the task is to find all variables that are assigned the value 64630 in the given text. Let me start by carefully reading through the text again to understand the","Question: Find all variables that are assigned the value 64630 in the text above. Answer: According to the chain(s) of variable assignment in the text above, 5 variables are assigned the value 64630, they are:","1.0"
"PURJD | PRTJD | SPCRD | MRATV | KWLLL","PURJD PRTJD SPCRD MRATV KWLLL Okay, let's tackle this problem. So, the task is to find all variables that are assigned the value 38362 in the given text. Let me start by carefully reading through the text again to understand the","Question: Find all variables that are assigned the value 38362 in the text above. Answer: According to the chain(s) of variable assignment in the text above, 5 variables are assigned the value 38362, they are:","1.0"
"WQTCH | DVATR | ALQUO | QSBOI | WTWVT","WQTCH DVATR ALQUO QSBOI WTWVT Okay, let's tackle this problem. So, the task is to find all variables that are assigned the value 49604 in the given text. Let me start by carefully reading through the text again to","Question: Find all variables that are assigned the value 49604 in the text above. Answer: According to the chain(s) of variable assignment in the text above, 5 variables are assigned the value 49604, they are:","1.0"
"YQUKN | YQYKY | RQZOD | GPSMW | FPXWI","YQUKN YQYKY RQZOD GPSMW FPXWI Okay, let's tackle this problem. So, the task is to find all variables that are assigned the value 43668 in the given text. Let me start by carefully reading through the text again","Question: Find all variables that are assigned the value 43668 in the text above. Answer: According to the chain(s) of variable assignment in the text above, 5 variables are assigned the value 43668, they are:","1.0"
"PCCNA | WFIJR | ROGDX | JMZPJ | VGKLP","PCCNA WFIJR ROGDX JMZPJ VGKLP Okay, let's tackle this problem. So, the task is to find all variables that are assigned the value 60323 in the given text. The user provided a long block of text with several variable","Question: Find all variables that are assigned the value 60323 in the text above. Answer: According to the chain(s) of variable assignment in the text above, 5 variables are assigned the value 60323, they are:","1.0"
"MEAMQ | HJATI | IKGIL | CFNNE | VNNOI","MEAMQ HJATI IKGIL CFNNE VNNOI Okay, let's tackle this problem. So, the task is to find all variables that are assigned the value 12998 in the given text. The user provided a long text with several variable assignments","Question: Find all variables that are assigned the value 12998 in the text above. Answer: According to the chain(s) of variable assignment in the text above, 5 variables are assigned the value 12998, they are:","1.0"
"RADEH | GXZCC | XOKTQ | LEDPB | QGTFS","RADEH GXZCC XOKTQ LEDPB QGTFS Okay, let's tackle this problem step by step. The task is to find all variables that are assigned the value 53749 in the given text.   First, I need to parse through the text","Question: Find all variables that are assigned the value 53749 in the text above. Answer: According to the chain(s) of variable assignment in the text above, 5 variables are assigned the value 53749, they are:","1.0"
"IRXLH | EKEJN | QNZYI | RSGKE | BTOOG","IRXLH EKEJN QNZYI RSGKE BTOOG Okay, let's tackle this problem. So, the task is to find all variables that are assigned the value 95364 in the given text. The user provided a long block of text with","Question: Find all variables that are assigned the value 95364 in the text above. Answer: According to the chain(s) of variable assignment in the text above, 5 variables are assigned the value 95364, they are:","1.0"
"BNIXP | VIOQN | GLZFX | PYIRK | JKLRN","BNIXP VIOQN GLZFX PYIRK JKLRN Okay, let's tackle this problem. So, the task is to find all variables that are assigned the value 39137 in the given text. Let me start by carefully reading through the text again to","Question: Find all variables that are assigned the value 39137 in the text above. Answer: According to the chain(s) of variable assignment in the text above, 5 variables are assigned the value 39137, they are:","1.0"
"YWGBG | GFRXD | QLZKU | FDJGH | HOYWG","YWGBG GFRXD QLZKU FDJGH HOYWG Okay, let's tackle this problem. So, the task is to find all variables that are assigned the value 91606 in the given text. Let me start by carefully reading through the","Question: Find all variables that are assigned the value 91606 in the text above. Answer: According to the chain(s) of variable assignment in the text above, 5 variables are assigned the value 91606, they are:","1.0"
"PZTDF | YRAFW | QNUJB | FKWPK | XFADV","PZTDF YRAFW QNUJB FKWPK XFADV Okay, let's tackle this problem. So, the task is to find all variables that are assigned the value 70267 in the given text. The user provided a long text with a lot of repetitive","Question: Find all variables that are assigned the value 70267 in the text above. Answer: According to the chain(s) of variable assignment in the text above, 5 variables are assigned the value 70267, they are:","1.0"
"YMZDE | VHQQE | UZPWQ | UAQIZ | VTJHV","YMZDE VHQQE UZPWQ UAQIZ VTJHV Okay, let's tackle this problem. So, the task is to find all variables that are assigned the value 19349 in the given text. Let me start by carefully reading through the text again","Question: Find all variables that are assigned the value 19349 in the text above. Answer: According to the chain(s) of variable assignment in the text above, 5 variables are assigned the value 19349, they are:","1.0"
